name,id,email
Darcy Feldmann,160010001,160010001@iitdh.ac.in
Brandi Wisecarver,160010002,160010002@iitdh.ac.in
Kathryne Arrey,160010003,160010003@iitdh.ac.in
Lurlene Mertz,160010004,160010004@iitdh.ac.in
Mendy Ragan,160010005,160010005@iitdh.ac.in
Carol Moffatt,160010006,160010006@iitdh.ac.in
Mellissa Weil,160010007,160010007@iitdh.ac.in
Marco Mcleod,160010008,160010008@iitdh.ac.in
Stefan Kindred,160010009,160010009@iitdh.ac.in
Ruthanne Jerrell,160010010,160010010@iitdh.ac.in
Rena Mcallister,160010011,160010011@iitdh.ac.in
Lacie Sheffield,160010012,160010012@iitdh.ac.in
Lavonda Rascoe,160010013,160010013@iitdh.ac.in
Kimber Highsmith,160010014,160010014@iitdh.ac.in
Tequila Rosenow,160010015,160010015@iitdh.ac.in
Pia Sibrian,160010016,160010016@iitdh.ac.in
Angelika Gonsales,160010017,160010017@iitdh.ac.in
Carletta Mcculley,160010018,160010018@iitdh.ac.in
Garry Deshotel,160010019,160010019@iitdh.ac.in
Suzi Ruther,160010020,160010020@iitdh.ac.in
Jin Swartz,160010021,160010021@iitdh.ac.in
Ivonne Sponaugle,160010022,160010022@iitdh.ac.in
Elias Stockbridge,160010023,160010023@iitdh.ac.in
Cinderella Zeringue,160010024,160010024@iitdh.ac.in
Emmitt Bowdoin,160010025,160010025@iitdh.ac.in
Jeannette Berk,160010026,160010026@iitdh.ac.in
Rosalinda Chamblee,160010027,160010027@iitdh.ac.in
Trena Arel,160010028,160010028@iitdh.ac.in
Dionne Borges,160010029,160010029@iitdh.ac.in
Chin Hockensmith,160010030,160010030@iitdh.ac.in
Rikki Luth,160010031,160010031@iitdh.ac.in
Leesa Harrington,160010032,160010032@iitdh.ac.in
Lin Effinger,160010033,160010033@iitdh.ac.in
Tamesha Sieben,160010034,160010034@iitdh.ac.in
Newton Vandusen,160010035,160010035@iitdh.ac.in
Janella Gaccione,160010036,160010036@iitdh.ac.in
Jacalyn Glisson,160010037,160010037@iitdh.ac.in
Adela Redfern,160010038,160010038@iitdh.ac.in
Felecia Lerch,160010039,160010039@iitdh.ac.in
Sylvie Rollinson,160010040,160010040@iitdh.ac.in
Camelia Lynd,160010041,160010041@iitdh.ac.in
Lamonica Groat,160010042,160010042@iitdh.ac.in
Cortez Caine,160010043,160010043@iitdh.ac.in
Francie Poyer,160010044,160010044@iitdh.ac.in
Lanny Groseclose,160010045,160010045@iitdh.ac.in
Yajaira Bazemore,160010046,160010046@iitdh.ac.in
Napoleon Pizzuto,160010047,160010047@iitdh.ac.in
Renaldo Cottingham,160010048,160010048@iitdh.ac.in
Alison Marciano,160010049,160010049@iitdh.ac.in
Zachariah Schlesinger,160010050,160010050@iitdh.ac.in
Joslyn Recore,160010051,160010051@iitdh.ac.in
Carleen Caouette,160010052,160010052@iitdh.ac.in
Wanda Ploss,160010053,160010053@iitdh.ac.in
Lakiesha Harless,160010054,160010054@iitdh.ac.in
Jessenia Garneau,160010055,160010055@iitdh.ac.in
Ronny Lyda,160010056,160010056@iitdh.ac.in
Maynard Baltzell,160010057,160010057@iitdh.ac.in
Willetta Sly,160010058,160010058@iitdh.ac.in
Sondra Nolte,160010059,160010059@iitdh.ac.in
Effie Kollman,160010060,160010060@iitdh.ac.in
Novella Wert,160010061,160010061@iitdh.ac.in
Peg Sandiford,160010062,160010062@iitdh.ac.in
Zoila Crosswell,160010063,160010063@iitdh.ac.in
Tyron Crutcher,160010064,160010064@iitdh.ac.in
Cletus Chan,160010065,160010065@iitdh.ac.in
Theodore Witt,160010066,160010066@iitdh.ac.in
Willodean Kamerer,160010067,160010067@iitdh.ac.in
Sunday Jacobson,160010068,160010068@iitdh.ac.in
Kamala Peaslee,160010069,160010069@iitdh.ac.in
Chieko Beale,160010070,160010070@iitdh.ac.in
Sabina Nash,160010071,160010071@iitdh.ac.in
Kena Magness,160010072,160010072@iitdh.ac.in
Cornelia Barba,160010073,160010073@iitdh.ac.in
Nestor Orso,160010074,160010074@iitdh.ac.in
Florentino Zemlicka,160010075,160010075@iitdh.ac.in
Celina Byun,160010076,160010076@iitdh.ac.in
Sixta Harnage,160010077,160010077@iitdh.ac.in
Dollie Addie,160010078,160010078@iitdh.ac.in
Sena Natera,160010079,160010079@iitdh.ac.in
Althea Caicedo,160010080,160010080@iitdh.ac.in
Angelic Garica,160010081,160010081@iitdh.ac.in
Abbie Golla,160010082,160010082@iitdh.ac.in
Ron Hickok,160010083,160010083@iitdh.ac.in
Kurt Gahagan,160010084,160010084@iitdh.ac.in
Melynda Morison,160010085,160010085@iitdh.ac.in
Tiffani Tappan,160010086,160010086@iitdh.ac.in
Sherron Funderburke,160010087,160010087@iitdh.ac.in
Leatrice Richardson,160010088,160010088@iitdh.ac.in
Sallie Fleet,160010089,160010089@iitdh.ac.in
Patrina Newborn,160010090,160010090@iitdh.ac.in
Rosalva Vanegas,160010091,160010091@iitdh.ac.in
Rosalina Baginski,160010092,160010092@iitdh.ac.in
Roman Safford,160010093,160010093@iitdh.ac.in
Towanda Remus,160010094,160010094@iitdh.ac.in
Kala Creswell,160010095,160010095@iitdh.ac.in
Maile Albaugh,160010096,160010096@iitdh.ac.in
Isaiah Marroquin,160010097,160010097@iitdh.ac.in
Charley Reilly,160010098,160010098@iitdh.ac.in
Traci Huisman,160010099,160010099@iitdh.ac.in
Tonia Monte,160010100,160010100@iitdh.ac.in
Odessa Stork,160020001,160020001@iitdh.ac.in
Edythe Enger,160020002,160020002@iitdh.ac.in
Carmella Lefever,160020003,160020003@iitdh.ac.in
Renate Chevere,160020004,160020004@iitdh.ac.in
Marlene Mccaskill,160020005,160020005@iitdh.ac.in
Katina Guerrier,160020006,160020006@iitdh.ac.in
Fidel Alvarado,160020007,160020007@iitdh.ac.in
Milda Pinon,160020008,160020008@iitdh.ac.in
Darin Dower,160020009,160020009@iitdh.ac.in
Illa Spurling,160020010,160020010@iitdh.ac.in
Emelina Waag,160020011,160020011@iitdh.ac.in
Marlon Bresnahan,160020012,160020012@iitdh.ac.in
Delia Dinges,160020013,160020013@iitdh.ac.in
Caitlyn Ancona,160020014,160020014@iitdh.ac.in
Nanette Hasse,160020015,160020015@iitdh.ac.in
Luna Sheedy,160020016,160020016@iitdh.ac.in
Florida Lusby,160020017,160020017@iitdh.ac.in
Kamala Laird,160020018,160020018@iitdh.ac.in
Calandra Hutt,160020019,160020019@iitdh.ac.in
Narcisa Haviland,160020020,160020020@iitdh.ac.in
Nicola Lowenthal,160020021,160020021@iitdh.ac.in
Miriam Neifert,160020022,160020022@iitdh.ac.in
Karl Merrick,160020023,160020023@iitdh.ac.in
Derrick Funston,160020024,160020024@iitdh.ac.in
Roselle Woodfork,160020025,160020025@iitdh.ac.in
Shelby Mckelvy,160020026,160020026@iitdh.ac.in
Tamesha Paek,160020027,160020027@iitdh.ac.in
Trina Harber,160020028,160020028@iitdh.ac.in
Nyla Grimmer,160020029,160020029@iitdh.ac.in
Annette Rawls,160020030,160020030@iitdh.ac.in
Madelaine Silva,160020031,160020031@iitdh.ac.in
Apolonia Busey,160020032,160020032@iitdh.ac.in
Tonette Wolfe,160020033,160020033@iitdh.ac.in
Maud Briese,160020034,160020034@iitdh.ac.in
Faustino Verrett,160020035,160020035@iitdh.ac.in
Shirl Ivory,160020036,160020036@iitdh.ac.in
Frederic Verdin,160020037,160020037@iitdh.ac.in
Hsiu Tsosie,160020038,160020038@iitdh.ac.in
Shannon Kerlin,160020039,160020039@iitdh.ac.in
Dale Policastro,160020040,160020040@iitdh.ac.in
Elias Montanez,160020041,160020041@iitdh.ac.in
Erwin Lyke,160020042,160020042@iitdh.ac.in
Johnna Meneely,160020043,160020043@iitdh.ac.in
Eddie Kirkley,160020044,160020044@iitdh.ac.in
Bronwyn Selvey,160020045,160020045@iitdh.ac.in
Chin Fortes,160020046,160020046@iitdh.ac.in
Ria Bross,160020047,160020047@iitdh.ac.in
Lamont Farrah,160020048,160020048@iitdh.ac.in
Carmelina Toman,160020049,160020049@iitdh.ac.in
Adella Betances,160020050,160020050@iitdh.ac.in
Cody Overly,160020051,160020051@iitdh.ac.in
Tawanna Brookover,160020052,160020052@iitdh.ac.in
Clark Demaria,160020053,160020053@iitdh.ac.in
Zelda Chittenden,160020054,160020054@iitdh.ac.in
Beverly Rocha,160020055,160020055@iitdh.ac.in
Kathi Stone,160020056,160020056@iitdh.ac.in
Makeda Sigler,160020057,160020057@iitdh.ac.in
Stefanie Bachman,160020058,160020058@iitdh.ac.in
Sunday Concannon,160020059,160020059@iitdh.ac.in
Vincenzo Mowers,160020060,160020060@iitdh.ac.in
Jill Spillane,160020061,160020061@iitdh.ac.in
Tennille Scriber,160020062,160020062@iitdh.ac.in
Raleigh Vankirk,160020063,160020063@iitdh.ac.in
Queen Lichtenstein,160020064,160020064@iitdh.ac.in
Rickie Wight,160020065,160020065@iitdh.ac.in
Garret Draper,160020066,160020066@iitdh.ac.in
Chastity Davids,160020067,160020067@iitdh.ac.in
Krystal Dunneback,160020068,160020068@iitdh.ac.in
Vita Countryman,160020069,160020069@iitdh.ac.in
Mabel Cottingham,160020070,160020070@iitdh.ac.in
Clotilde Bancroft,160020071,160020071@iitdh.ac.in
Madalene Brickley,160020072,160020072@iitdh.ac.in
Brendan Tookes,160020073,160020073@iitdh.ac.in
Deb Durazo,160020074,160020074@iitdh.ac.in
Kit Petrus,160020075,160020075@iitdh.ac.in
Gita Shute,160020076,160020076@iitdh.ac.in
Huong Warrior,160020077,160020077@iitdh.ac.in
Estela Delossantos,160020078,160020078@iitdh.ac.in
Maxima Leitz,160020079,160020079@iitdh.ac.in
Xenia Marr,160020080,160020080@iitdh.ac.in
Jason Gutter,160020081,160020081@iitdh.ac.in
Jose Madill,160020082,160020082@iitdh.ac.in
Demetra Schmucker,160020083,160020083@iitdh.ac.in
Bee Mcneilly,160020084,160020084@iitdh.ac.in
Lorine Trinidad,160020085,160020085@iitdh.ac.in
Estelle Lum,160020086,160020086@iitdh.ac.in
Deangelo Mogan,160020087,160020087@iitdh.ac.in
Celestina Rolle,160020088,160020088@iitdh.ac.in
Merissa Gramlich,160020089,160020089@iitdh.ac.in
Ivonne Hund,160020090,160020090@iitdh.ac.in
Gilberto Hilchey,160020091,160020091@iitdh.ac.in
Phuong Convery,160020092,160020092@iitdh.ac.in
Hannah Reider,160020093,160020093@iitdh.ac.in
Taneka Vann,160020094,160020094@iitdh.ac.in
Sharell Salvo,160020095,160020095@iitdh.ac.in
Raeann Perkin,160020096,160020096@iitdh.ac.in
Iraida Mckinley,160020097,160020097@iitdh.ac.in
Patricia Prickett,160020098,160020098@iitdh.ac.in
Amee Mcglamery,160020099,160020099@iitdh.ac.in
Imogene Boulay,160020100,160020100@iitdh.ac.in
Lael Whitlatch,160030001,160030001@iitdh.ac.in
Derrick Styons,160030002,160030002@iitdh.ac.in
Jewel Shine,160030003,160030003@iitdh.ac.in
Blanca Luken,160030004,160030004@iitdh.ac.in
Shirly Olander,160030005,160030005@iitdh.ac.in
Joellen Simas,160030006,160030006@iitdh.ac.in
Dona Quiles,160030007,160030007@iitdh.ac.in
Tonia Arel,160030008,160030008@iitdh.ac.in
Zandra Musser,160030009,160030009@iitdh.ac.in
Sammie Geary,160030010,160030010@iitdh.ac.in
Damion Carrow,160030011,160030011@iitdh.ac.in
Isaiah Rao,160030012,160030012@iitdh.ac.in
Reda Pawlak,160030013,160030013@iitdh.ac.in
Wanda Dyches,160030014,160030014@iitdh.ac.in
Sabra Weldon,160030015,160030015@iitdh.ac.in
Isis Remus,160030016,160030016@iitdh.ac.in
Laraine Christoff,160030017,160030017@iitdh.ac.in
Theda Delong,160030018,160030018@iitdh.ac.in
Keturah Wichman,160030019,160030019@iitdh.ac.in
Sadye Buch,160030020,160030020@iitdh.ac.in
Trina Lurry,160030021,160030021@iitdh.ac.in
Nathan Goering,160030022,160030022@iitdh.ac.in
Lesia Ohman,160030023,160030023@iitdh.ac.in
Gladis Jordison,160030024,160030024@iitdh.ac.in
Jule Orbison,160030025,160030025@iitdh.ac.in
Krissy Veney,160030026,160030026@iitdh.ac.in
Mohammad Patague,160030027,160030027@iitdh.ac.in
Shizue Knutson,160030028,160030028@iitdh.ac.in
Lynda Leiter,160030029,160030029@iitdh.ac.in
Yetta Duden,160030030,160030030@iitdh.ac.in
Charolette Tinnin,160030031,160030031@iitdh.ac.in
Conception Darbonne,160030032,160030032@iitdh.ac.in
Wilton Harrod,160030033,160030033@iitdh.ac.in
Antonio Kissell,160030034,160030034@iitdh.ac.in
Myrna Valladares,160030035,160030035@iitdh.ac.in
Jerri Corzine,160030036,160030036@iitdh.ac.in
Lina Lubin,160030037,160030037@iitdh.ac.in
Roland Valero,160030038,160030038@iitdh.ac.in
Marybelle Frisbie,160030039,160030039@iitdh.ac.in
Geraldo Pecor,160030040,160030040@iitdh.ac.in
Julienne Orme,160030041,160030041@iitdh.ac.in
Henry Pella,160030042,160030042@iitdh.ac.in
Tommie Yousef,160030043,160030043@iitdh.ac.in
Delena Talmadge,160030044,160030044@iitdh.ac.in
Lavonne Mullin,160030045,160030045@iitdh.ac.in
Osvaldo Fitzgerald,160030046,160030046@iitdh.ac.in
Lady Worthy,160030047,160030047@iitdh.ac.in
Giuseppe Sommerfield,160030048,160030048@iitdh.ac.in
Rhoda Gwin,160030049,160030049@iitdh.ac.in
Dina Duguay,160030050,160030050@iitdh.ac.in
Hyman Choat,160030051,160030051@iitdh.ac.in
Carli Rossman,160030052,160030052@iitdh.ac.in
Jessi Cashwell,160030053,160030053@iitdh.ac.in
Jaye Shira,160030054,160030054@iitdh.ac.in
Merlyn Dummer,160030055,160030055@iitdh.ac.in
Elenora Ruder,160030056,160030056@iitdh.ac.in
Lee Broeckel,160030057,160030057@iitdh.ac.in
Vada Florentino,160030058,160030058@iitdh.ac.in
Tawanda Nakamura,160030059,160030059@iitdh.ac.in
Derek Blanca,160030060,160030060@iitdh.ac.in
Tim Covey,160030061,160030061@iitdh.ac.in
Yung Gering,160030062,160030062@iitdh.ac.in
Rashad Geib,160030063,160030063@iitdh.ac.in
Deloise Boughner,160030064,160030064@iitdh.ac.in
Lelah Naval,160030065,160030065@iitdh.ac.in
Shizuko Moulton,160030066,160030066@iitdh.ac.in
Tamika Foulger,160030067,160030067@iitdh.ac.in
Dann Fesler,160030068,160030068@iitdh.ac.in
Lucina Pedone,160030069,160030069@iitdh.ac.in
Twila Holthaus,160030070,160030070@iitdh.ac.in
Leonarda Zaragosa,160030071,160030071@iitdh.ac.in
Ardelia Wageman,160030072,160030072@iitdh.ac.in
Charlene Bullion,160030073,160030073@iitdh.ac.in
Etta Toye,160030074,160030074@iitdh.ac.in
Deb Mainor,160030075,160030075@iitdh.ac.in
Treva Grieves,160030076,160030076@iitdh.ac.in
Jennifer Vega,160030077,160030077@iitdh.ac.in
Sherill Prieto,160030078,160030078@iitdh.ac.in
Dane Biondo,160030079,160030079@iitdh.ac.in
Song Garneau,160030080,160030080@iitdh.ac.in
Tina Kennard,160030081,160030081@iitdh.ac.in
Emile Hermansen,160030082,160030082@iitdh.ac.in
Evelia Ribeiro,160030083,160030083@iitdh.ac.in
Chauncey Pizana,160030084,160030084@iitdh.ac.in
Toya Cadiz,160030085,160030085@iitdh.ac.in
Floyd Escalona,160030086,160030086@iitdh.ac.in
Frida Lamoureux,160030087,160030087@iitdh.ac.in
Matthew Dail,160030088,160030088@iitdh.ac.in
Twanda Grasty,160030089,160030089@iitdh.ac.in
Jeraldine Lorance,160030090,160030090@iitdh.ac.in
Estrella Rome,160030091,160030091@iitdh.ac.in
Emmitt Rock,160030092,160030092@iitdh.ac.in
Aubrey Roye,160030093,160030093@iitdh.ac.in
Maribeth Vanscoy,160030094,160030094@iitdh.ac.in
Janine Parham,160030095,160030095@iitdh.ac.in
Janel Chevere,160030096,160030096@iitdh.ac.in
Yaeko Paquette,160030097,160030097@iitdh.ac.in
Pablo Brush,160030098,160030098@iitdh.ac.in
Lisbeth Ooten,160030099,160030099@iitdh.ac.in
Sharmaine Andresen,160030100,160030100@iitdh.ac.in
Carin Stutzman,160040001,160040001@iitdh.ac.in
Despina Metoyer,160040002,160040002@iitdh.ac.in
Joselyn Oglesbee,160040003,160040003@iitdh.ac.in
Dani Slaymaker,160040004,160040004@iitdh.ac.in
Keitha Mejorado,160040005,160040005@iitdh.ac.in
Jamison Mitchem,160040006,160040006@iitdh.ac.in
Marlene Mogan,160040007,160040007@iitdh.ac.in
Leatha Schuelke,160040008,160040008@iitdh.ac.in
Edward Brashier,160040009,160040009@iitdh.ac.in
Jerri Souza,160040010,160040010@iitdh.ac.in
Lavona Sharif,160040011,160040011@iitdh.ac.in
Beatriz Dean,160040012,160040012@iitdh.ac.in
Neta Zellers,160040013,160040013@iitdh.ac.in
Denny Hamburger,160040014,160040014@iitdh.ac.in
Gwyn Linden,160040015,160040015@iitdh.ac.in
Jonas Livesay,160040016,160040016@iitdh.ac.in
Melvina Maker,160040017,160040017@iitdh.ac.in
Inocencia Spraggs,160040018,160040018@iitdh.ac.in
Consuelo Lott,160040019,160040019@iitdh.ac.in
Jillian Hyche,160040020,160040020@iitdh.ac.in
Whitney Rossell,160040021,160040021@iitdh.ac.in
Teodoro Nakamura,160040022,160040022@iitdh.ac.in
Viki Givens,160040023,160040023@iitdh.ac.in
Amalia Villanveva,160040024,160040024@iitdh.ac.in
Bonnie Blackstock,160040025,160040025@iitdh.ac.in
Misti Brooking,160040026,160040026@iitdh.ac.in
Sanjuana Troche,160040027,160040027@iitdh.ac.in
Nell Yamamoto,160040028,160040028@iitdh.ac.in
Cortez Lively,160040029,160040029@iitdh.ac.in
Carmelina Lackner,160040030,160040030@iitdh.ac.in
Danielle Marshell,160040031,160040031@iitdh.ac.in
Bibi Lessley,160040032,160040032@iitdh.ac.in
Phuong Lipka,160040033,160040033@iitdh.ac.in
Brittney Pollack,160040034,160040034@iitdh.ac.in
Gidget Lofton,160040035,160040035@iitdh.ac.in
Marilou Glaze,160040036,160040036@iitdh.ac.in
Brook Norby,160040037,160040037@iitdh.ac.in
Danika Overholt,160040038,160040038@iitdh.ac.in
Kathe Pless,160040039,160040039@iitdh.ac.in
Riley Redrick,160040040,160040040@iitdh.ac.in
Ward Mallen,160040041,160040041@iitdh.ac.in
Hee Felter,160040042,160040042@iitdh.ac.in
Lizbeth Baudoin,160040043,160040043@iitdh.ac.in
Tora Shackleford,160040044,160040044@iitdh.ac.in
Shanika Deming,160040045,160040045@iitdh.ac.in
Madalyn Wallach,160040046,160040046@iitdh.ac.in
Refugia Fitzgerald,160040047,160040047@iitdh.ac.in
Iluminada Chacon,160040048,160040048@iitdh.ac.in
Jenise Wehr,160040049,160040049@iitdh.ac.in
Linh Woolverton,160040050,160040050@iitdh.ac.in
Benedict Giblin,160040051,160040051@iitdh.ac.in
Kyong Rollings,160040052,160040052@iitdh.ac.in
Helga Sharrow,160040053,160040053@iitdh.ac.in
Annita Liles,160040054,160040054@iitdh.ac.in
Tabitha Bangert,160040055,160040055@iitdh.ac.in
Jacquelin Carmody,160040056,160040056@iitdh.ac.in
Dagny Goodsell,160040057,160040057@iitdh.ac.in
Raymon Chesser,160040058,160040058@iitdh.ac.in
Karie Neff,160040059,160040059@iitdh.ac.in
Katina Won,160040060,160040060@iitdh.ac.in
Shaquita Edgecomb,160040061,160040061@iitdh.ac.in
Lorelei Waldner,160040062,160040062@iitdh.ac.in
Ji Duda,160040063,160040063@iitdh.ac.in
Darron Stultz,160040064,160040064@iitdh.ac.in
Ashlee Entrekin,160040065,160040065@iitdh.ac.in
Carie Hagen,160040066,160040066@iitdh.ac.in
Milford Tubb,160040067,160040067@iitdh.ac.in
Jamila Bradly,160040068,160040068@iitdh.ac.in
Carri Vazguez,160040069,160040069@iitdh.ac.in
Kamala Ratchford,160040070,160040070@iitdh.ac.in
Charla Mcnulty,160040071,160040071@iitdh.ac.in
Candace Stukes,160040072,160040072@iitdh.ac.in
Clementine Summerfield,160040073,160040073@iitdh.ac.in
Ola Pruneda,160040074,160040074@iitdh.ac.in
Graig Inge,160040075,160040075@iitdh.ac.in
Evon Strawn,160040076,160040076@iitdh.ac.in
Corinna Mccallie,160040077,160040077@iitdh.ac.in
Mayme Sheats,160040078,160040078@iitdh.ac.in
Tamala Lenart,160040079,160040079@iitdh.ac.in
Angeles Teston,160040080,160040080@iitdh.ac.in
Vicki Conine,160040081,160040081@iitdh.ac.in
Gerardo Akins,160040082,160040082@iitdh.ac.in
Alona Benavente,160040083,160040083@iitdh.ac.in
Stanford Serrata,160040084,160040084@iitdh.ac.in
Grazyna Halligan,160040085,160040085@iitdh.ac.in
Reda Heid,160040086,160040086@iitdh.ac.in
Tamra Lanoue,160040087,160040087@iitdh.ac.in
Hildred Acy,160040088,160040088@iitdh.ac.in
Suzann Crossley,160040089,160040089@iitdh.ac.in
Pearline Hemsley,160040090,160040090@iitdh.ac.in
Claire Gabriel,160040091,160040091@iitdh.ac.in
Kimberlee Phares,160040092,160040092@iitdh.ac.in
Kara Wiebe,160040093,160040093@iitdh.ac.in
Hisako Forshey,160040094,160040094@iitdh.ac.in
Gina Shealy,160040095,160040095@iitdh.ac.in
Lucretia Stirling,160040096,160040096@iitdh.ac.in
Flossie Freda,160040097,160040097@iitdh.ac.in
Maude Colella,160040098,160040098@iitdh.ac.in
Lory Allinder,160040099,160040099@iitdh.ac.in
Pasquale Mcallister,160040100,160040100@iitdh.ac.in
Sheila Curtsinger,160050001,160050001@iitdh.ac.in
Jordon Poucher,160050002,160050002@iitdh.ac.in
Pearline Wasson,160050003,160050003@iitdh.ac.in
Faith Bramblett,160050004,160050004@iitdh.ac.in
Lelia Morra,160050005,160050005@iitdh.ac.in
Nola Peaden,160050006,160050006@iitdh.ac.in
Cody Schick,160050007,160050007@iitdh.ac.in
Sheridan Sherrard,160050008,160050008@iitdh.ac.in
Annetta Simental,160050009,160050009@iitdh.ac.in
Keitha Bilderback,160050010,160050010@iitdh.ac.in
Kami Byrd,160050011,160050011@iitdh.ac.in
Tracie Sawicki,160050012,160050012@iitdh.ac.in
Nathan Depaola,160050013,160050013@iitdh.ac.in
Dominga Sieg,160050014,160050014@iitdh.ac.in
Cesar Mcgarity,160050015,160050015@iitdh.ac.in
Justine Landen,160050016,160050016@iitdh.ac.in
Stanley Holiday,160050017,160050017@iitdh.ac.in
Elbert Bement,160050018,160050018@iitdh.ac.in
Benny Woodworth,160050019,160050019@iitdh.ac.in
Gabriele Gann,160050020,160050020@iitdh.ac.in
Estelle Keplin,160050021,160050021@iitdh.ac.in
Nila Mizell,160050022,160050022@iitdh.ac.in
Xavier Brightwell,160050023,160050023@iitdh.ac.in
Misha Nigro,160050024,160050024@iitdh.ac.in
Luvenia Trace,160050025,160050025@iitdh.ac.in
Joy Ruffing,160050026,160050026@iitdh.ac.in
Karren Ruppe,160050027,160050027@iitdh.ac.in
Roma Whatley,160050028,160050028@iitdh.ac.in
Lucie Mcgaugh,160050029,160050029@iitdh.ac.in
Jacob Sharrow,160050030,160050030@iitdh.ac.in
Tameka Prude,160050031,160050031@iitdh.ac.in
Collene Cacho,160050032,160050032@iitdh.ac.in
Darrick Tripp,160050033,160050033@iitdh.ac.in
Cherly Mauriello,160050034,160050034@iitdh.ac.in
Lelah Gartrell,160050035,160050035@iitdh.ac.in
Graham Kierstead,160050036,160050036@iitdh.ac.in
Enola Ledbetter,160050037,160050037@iitdh.ac.in
Lucio Foran,160050038,160050038@iitdh.ac.in
Arianne Chapa,160050039,160050039@iitdh.ac.in
Joye Decoteau,160050040,160050040@iitdh.ac.in
Veronica Nicodemus,160050041,160050041@iitdh.ac.in
Neta Tinker,160050042,160050042@iitdh.ac.in
Jerrie Custer,160050043,160050043@iitdh.ac.in
Bree Tripoli,160050044,160050044@iitdh.ac.in
Marti Mai,160050045,160050045@iitdh.ac.in
Leesa Batdorf,160050046,160050046@iitdh.ac.in
Lyndon Vice,160050047,160050047@iitdh.ac.in
Tyesha Blaisdell,160050048,160050048@iitdh.ac.in
Mamie Labelle,160050049,160050049@iitdh.ac.in
Sharron Gaulding,160050050,160050050@iitdh.ac.in
Hae Lahman,160050051,160050051@iitdh.ac.in
Drucilla Livers,160050052,160050052@iitdh.ac.in
Toni Vecchio,160050053,160050053@iitdh.ac.in
Sol Hegarty,160050054,160050054@iitdh.ac.in
Omega Lauer,160050055,160050055@iitdh.ac.in
Penney Steck,160050056,160050056@iitdh.ac.in
Ruthann Spear,160050057,160050057@iitdh.ac.in
Esta Noecker,160050058,160050058@iitdh.ac.in
Christin Gerber,160050059,160050059@iitdh.ac.in
Jewell Levering,160050060,160050060@iitdh.ac.in
Thaddeus Castille,160050061,160050061@iitdh.ac.in
Terri Mckamie,160050062,160050062@iitdh.ac.in
Magdalene Mischke,160050063,160050063@iitdh.ac.in
Huey Jenny,160050064,160050064@iitdh.ac.in
Sherlyn Cude,160050065,160050065@iitdh.ac.in
Tora Stambaugh,160050066,160050066@iitdh.ac.in
Beula Hausmann,160050067,160050067@iitdh.ac.in
Natalia Gassett,160050068,160050068@iitdh.ac.in
Yukiko Dunker,160050069,160050069@iitdh.ac.in
Dorine Gregoire,160050070,160050070@iitdh.ac.in
Stephane Capps,160050071,160050071@iitdh.ac.in
Emery Brooking,160050072,160050072@iitdh.ac.in
Zandra Bober,160050073,160050073@iitdh.ac.in
Jae Taniguchi,160050074,160050074@iitdh.ac.in
Asia Prewitt,160050075,160050075@iitdh.ac.in
Joann Delucia,160050076,160050076@iitdh.ac.in
Jennefer Martensen,160050077,160050077@iitdh.ac.in
Maegan Swingle,160050078,160050078@iitdh.ac.in
Latasha Goodner,160050079,160050079@iitdh.ac.in
Hertha Armitage,160050080,160050080@iitdh.ac.in
Trinh Frame,160050081,160050081@iitdh.ac.in
Janeth Flock,160050082,160050082@iitdh.ac.in
Clark Billiot,160050083,160050083@iitdh.ac.in
Burt Propst,160050084,160050084@iitdh.ac.in
Wynell Bunner,160050085,160050085@iitdh.ac.in
Kamilah Paolini,160050086,160050086@iitdh.ac.in
Keshia Hankinson,160050087,160050087@iitdh.ac.in
Delinda Towle,160050088,160050088@iitdh.ac.in
Kennith Sen,160050089,160050089@iitdh.ac.in
Winnie Choe,160050090,160050090@iitdh.ac.in
Prudence Vantassell,160050091,160050091@iitdh.ac.in
Tonia Griggs,160050092,160050092@iitdh.ac.in
Josh Mullinax,160050093,160050093@iitdh.ac.in
Hedwig Hennessey,160050094,160050094@iitdh.ac.in
Anthony Lazzaro,160050095,160050095@iitdh.ac.in
Horace Polen,160050096,160050096@iitdh.ac.in
Georgette Langworthy,160050097,160050097@iitdh.ac.in
Carlton Likes,160050098,160050098@iitdh.ac.in
Lavonna Belknap,160050099,160050099@iitdh.ac.in
Yee Tardif,160050100,160050100@iitdh.ac.in